duration,protocol,src_bytes,dst_bytes,packets,src_port,dst_port,packet_rate,byte_rate,flow_duration,tcp_flags,ttl,connection_count,failed_connections,payload_size,label
12.5,TCP,1200,980,50,45000,443,10.2,1800,120,2,64,3,0,500,Benign
11.8,TCP,1300,1000,48,42000,443,9.8,1750,135,2,63,4,0,480,Benign
284.3,UDP,28000,60000,1500,49152,80,240,310000,18,2,25,90,25,220,DDoS
350.1,TCP,32000,72000,1800,49153,80,260,420000,22,4,30,120,40,210,DDoS
6.4,TCP,340,220,12,41000,22,80,4200,6,4,35,12,3,80,Port Scan
7.1,TCP,400,250,18,40000,3389,85,4300,7,16,38,15,4,90,Port Scan
15.2,ICMP,1500,1200,30,49001,0,16,2600,42,1,12,8,1,300,Spoofing
18.9,TCP,1400,1100,35,50000,443,17,2900,50,1,14,9,2,310,Spoofing
44.7,TCP,9000,6000,110,52000,8080,30,11000,90,2,45,14,7,420,Malware
38.8,UDP,7800,5200,95,53000,4444,26,9800,75,4,48,12,5,410,Malware
30.1,TCP,5000,1800,70,42000,22,25,6100,120,1,40,9,6,260,Brute Force
31.5,TCP,5500,1900,82,43000,22,27,6600,140,2,42,10,8,280,Brute Force
